{
  "project_info": {
    "project_number": "33485349873",
    "project_id": "loggy-faa91",
    "storage_bucket": "loggy-faa91.appspot.com"
  },
  "client": [
    {
      "client_info": {
        "mobilesdk_app_id": "1:33485349873:android:ab8a424a1d009be0449a50",
        "android_client_info": {
          "package_name": "com.example.loggy"
        }
      },
      "oauth_client": [
        {
          "client_id": "33485349873-luj9m1u9cagmkp0ku8enk85ub6o1o6pb.apps.googleusercontent.com",
          "client_type": 3
        }
      ],
      "api_key": [
        {
          "current_key": "AIzaSyBm8nP68zO9GgNawJX_8UXcFc9JhZHoymc"
        }
      ],
      "services": {
        "appinvite_service": {
          "other_platform_oauth_client": [
            {
              "client_id": "33485349873-luj9m1u9cagmkp0ku8enk85ub6o1o6pb.apps.googleusercontent.com",
              "client_type": 3
            }
          ]
        }
      }
    }
  ],
  "configuration_version": "1"
}